update_time,author,title,area,create_time,link
2017-04-05 10:17,鹿城环保社,2017年4月鹿城环保社活动计划,鹿城环保志愿服务,2017-04-05,read-htm-tid-5413398.html
2017-04-01 14:03,鹿城环保社,昆山市五创项目《乐居公坊》介绍,鹿城环保志愿服务,2016-07-22,read-htm-tid-4941140.html
2017-03-29 10:33,鹿城环保社,2017年全职人员招募,鹿城环保志愿服务,2017-03-29,read-htm-tid-5407618.html
2016-11-07 15:37,鹿城环保社,《美丽乡村 魔法锦溪》项目介绍,鹿城环保志愿服务,2016-11-07,read-htm-tid-5047462.html
2016-09-24 22:28,鹿城环保社,《鹿城绿课堂》项目介绍,鹿城环保志愿服务,2016-09-24,read-htm-tid-5004209.html
2016-07-22 21:49,鹿城环保社,昆山市五创项目介绍《共享自然》及志愿者招募,鹿城环保志愿服务,2016-07-22,read-htm-tid-4941117.html
2016-06-13 15:55,鹿城环保社,昆山市鹿城环保志愿者服务社的使命和愿景,鹿城环保志愿服务,2013-12-18,read-htm-tid-4008737.html
2016-05-20 17:24,鹿城环保社,鹿城环保社介绍,鹿城环保志愿服务,2016-02-28,read-htm-tid-4804366.html
2015-07-14 08:39,鹿城环保社,鹿城环保服务社组织架构,鹿城环保志愿服务,2013-02-22,read-htm-tid-3515921.html
2017-04-28 13:09,kscjq,环保小知识——人类将面临的全世界水危机,鹿城环保志愿服务,2017-04-28,read-htm-tid-5434038.html
2017-04-28 11:28,woxiaowang,杜月笙：当年流氓真君子，今日君子真流氓,鹿城环保志愿服务,2017-04-28,read-htm-tid-5433861.html
2017-04-28 06:17,鹿城环保宣传,环保昆山——切实解决环境突出问题,鹿城环保志愿服务,2017-04-27,read-htm-tid-5432934.html
2017-04-27 15:11,末班车,很多优秀的孩子，都不合群,鹿城环保志愿服务,2017-04-27,read-htm-tid-5433119.html
2017-04-27 14:01,xuyun0117,好看的人很多，有趣的人很少,鹿城环保志愿服务,2017-04-27,read-htm-tid-5433096.html
2017-04-27 13:49,鹿城环保社,2017年5月鹿城环保社活动计划,鹿城环保志愿服务,2017-04-26,read-htm-tid-5432318.html
2017-04-26 14:06,鹿城环保社,苏州市生活垃圾分类促进办法（2016）,鹿城环保志愿服务,2017-04-26,read-htm-tid-5431999.html
2017-04-26 13:53,为君歌一曲,每天都想加班，这病怎么治？,鹿城环保志愿服务,2017-04-25,read-htm-tid-5431245.html
2017-04-26 13:03,鹿城环保宣传,21世纪人类面临的十大主要环境问题,鹿城环保志愿服务,2017-04-26,read-htm-tid-5431910.html
2017-04-26 11:18,鹿城环保宣传,12条老外的处世哲学：小事看人品,鹿城环保志愿服务,2017-04-26,read-htm-tid-5431874.html
2017-04-25 14:49,神探在行动,土豆怎么保存不会发芽？看完再也不用担心土豆会发芽了！| 涨姿势,鹿城环保志愿服务,2017-04-25,read-htm-tid-5431149.html
2017-04-25 14:19,亦步亦分,昆山开展“地球一小时”活动，全民齐心助力环保,鹿城环保志愿服务,2017-04-25,read-htm-tid-5431115.html
2017-04-25 13:41,isyp520,江苏环保建“最强大脑”精准打击监测数据造假,鹿城环保志愿服务,2017-04-25,read-htm-tid-5431098.html
2017-04-25 13:30,滴水寒,据说今天有雨 明天降温,鹿城环保志愿服务,2017-04-25,read-htm-tid-5430785.html
2017-04-25 13:28,东东教父,江苏划定73个海洋生态红线区,鹿城环保志愿服务,2017-04-25,read-htm-tid-5431091.html
2017-04-24 14:16,鹿城环保社,20170422森林探秘活动回顾,鹿城环保志愿服务,2017-04-22,read-htm-tid-5428824.html
2017-04-24 14:15,滴水寒,环保知识资料,鹿城环保志愿服务,2017-04-24,read-htm-tid-5430126.html
2017-04-24 13:32,eric2135,63幅招贴画获得全国节能减排设计大赛奖,鹿城环保志愿服务,2017-04-24,read-htm-tid-5430093.html
2017-04-24 13:31,eric2135,重庆计划建设森林城市 一半面积将种树,鹿城环保志愿服务,2017-04-24,read-htm-tid-5430096.html
2017-04-24 13:30,亦步亦分,幼儿环保宣传小知识,鹿城环保志愿服务,2017-04-24,read-htm-tid-5430115.html
2017-04-20 11:26,拉普兰,什么叫可持续发展观,鹿城环保志愿服务,2017-04-20,read-htm-tid-5426773.html
2017-04-20 11:25,情满天下,全球气候变暖对人类的影响,鹿城环保志愿服务,2017-04-20,read-htm-tid-5426769.html
2017-04-19 16:42,神探在行动,关于水污染的知识,鹿城环保志愿服务,2017-04-19,read-htm-tid-5426103.html
2017-04-19 16:29,死达达,洗衣粉对环境的影响有哪些？,鹿城环保志愿服务,2017-04-19,read-htm-tid-5426088.html
2017-04-19 14:24,忘川,森林被毁酿成环境之灾,鹿城环保志愿服务,2017-04-19,read-htm-tid-5425601.html
2017-04-19 14:23,eric2135,野生动植物资源面临的危机,鹿城环保志愿服务,2017-04-19,read-htm-tid-5425611.html
2017-04-19 09:09,忘川,电脑和网络对人体健康的影响有哪些？,鹿城环保志愿服务,2017-04-19,read-htm-tid-5425597.html
2017-04-19 09:06,情满天下,阿婆呼吁“帮帮村里人”,鹿城环保志愿服务,2017-04-18,read-htm-tid-5425098.html
2017-04-18 16:42,梦千秋,北门路，城北路至富士康路段在下雪,鹿城环保志愿服务,2017-04-18,read-htm-tid-5424694.html
2017-04-18 16:42,鹿城环保宣传,“最美环保人”陈松敏：坚守环保事业二十载,鹿城环保志愿服务,2017-04-17,read-htm-tid-5424161.html
2017-04-18 16:30,忘川,江苏举行国家安全教育日核安全宣传活动,鹿城环保志愿服务,2017-04-18,read-htm-tid-5425095.html
2017-04-17 16:40,鹿城环保宣传,关于绿色环保你所不知道的小知识,鹿城环保志愿服务,2017-04-17,read-htm-tid-5424147.html
2017-04-14 18:31,woxiaowang,最贵的三种朋友，你一定要明白,鹿城环保志愿服务,2017-04-14,read-htm-tid-5421772.html
2017-04-14 18:27,末班车,有时候，乡愁是一颗小小的蚕豆,鹿城环保志愿服务,2017-04-14,read-htm-tid-5421812.html
2017-04-13 09:41,童话梦中,城市黑臭水体治理大考将近 水体摘帽仍需双轮驱动,鹿城环保志愿服务,2017-04-12,read-htm-tid-5420056.html
2017-04-12 15:37,miss雪,不要乱发聊天截图，好吗？,鹿城环保志愿服务,2017-04-11,read-htm-tid-5418878.html
2017-04-12 15:37,isyp520,浅谈如何进一步加强城乡环卫一体化管理,鹿城环保志愿服务,2017-04-12,read-htm-tid-5420027.html
2017-04-12 15:34,miss雪,成本高且收益有限 垃圾分类需全民参与,鹿城环保志愿服务,2017-04-12,read-htm-tid-5420009.html
2017-04-12 15:14,鹿城环保社,科普知识,鹿城环保志愿服务,2017-04-12,read-htm-tid-5419978.html
2017-04-12 15:13,墨染倾城不归,绿色环保小常识,鹿城环保志愿服务,2017-04-12,read-htm-tid-5420001.html
2017-04-12 15:04,忘川,我在心里把你拉黑了,鹿城环保志愿服务,2017-04-12,read-htm-tid-5419967.html
2017-04-11 13:45,kscjq,环保的意义,鹿城环保志愿服务,2017-04-11,read-htm-tid-5418896.html
2017-04-11 11:40,拉普兰,学会用美好的小事为自己打赏,鹿城环保志愿服务,2017-04-11,read-htm-tid-5418840.html
2017-04-11 11:02,不离不弃回首,不负时光，也不辜负自己！,鹿城环保志愿服务,2017-04-10,read-htm-tid-5418190.html
2017-04-10 16:55,荒山夜雨,揭晓！2016年度全球十大环境热点,鹿城环保志愿服务,2017-04-10,read-htm-tid-5418182.html
2017-04-10 15:20,暗示对方,5个年幼的孩子挺身而出…这个世界上，唯有母亲与爱不可辜负！,鹿城环保志愿服务,2017-04-10,read-htm-tid-5418154.html
2017-04-10 15:13,拉普兰,最好的学区房，是你家里的书房,鹿城环保志愿服务,2017-04-10,read-htm-tid-5418143.html
2017-04-10 14:59,亦步亦分,其实地球没有你，站到虚脱便会飞,鹿城环保志愿服务,2017-04-10,read-htm-tid-5418094.html
2017-04-10 14:12,东东教父,环保小故事,鹿城环保志愿服务,2017-04-10,read-htm-tid-5418075.html
2017-04-10 13:48,为君歌一曲,长江流域湿地生态不堪重负,鹿城环保志愿服务,2017-04-07,read-htm-tid-5415794.html
2017-04-10 13:47,寡心人无情心,中国近20%国土沙漠化 “生态移民”成无奈之举,鹿城环保志愿服务,2017-04-07,read-htm-tid-5415810.html
